{
  "eval_loss": 0.6942113041877747,
  "eval_accuracy": 0.5125,
  "eval_precision": 0.5476190476190477,
  "eval_recall": 0.14375,
  "eval_f1": 0.22772277227722773,
  "eval_runtime": 3.6639,
  "eval_samples_per_second": 87.339,
  "eval_steps_per_second": 10.917,
  "epoch": 3.0
}