{
  "eval_loss": 0.5541759729385376,
  "eval_accuracy": 0.7875,
  "eval_precision": 0.8333333333333334,
  "eval_recall": 0.71875,
  "eval_f1": 0.7718120805369127,
  "eval_runtime": 2.2416,
  "eval_samples_per_second": 142.755,
  "eval_steps_per_second": 17.844,
  "epoch": 3.0
}