{"eval_loss": 0.5915192365646362, "eval_accuracy": 0.8370607028753994, "eval_precision": 0.8601398601398601, "eval_recall": 0.7987012987012987, "eval_f1": 0.8282828282828283, "eval_runtime": 9.8028, "eval_samples_per_second": 31.93, "eval_steps_per_second": 2.04, "epoch": 8.0}